htmlentity,htmlcode,csscode,unicode,name
&dollar;,&#36;,\0024,U+0024,Dollar Sign
&cent;,&#162;,\00A2,U+00A2,Cent Sign
&pound;,&#163;,\00A3,U+00A3,Pound Sign
&curren;,&#164;,\00A4,U+00A4,Currency Sign
&yen;,&#165;,\00A5,U+00A5,Yen Sign
&copy;,&#169;,\00A9,U+00A9,Copyright Sign
&reg;,&#174;,\00AE,U+00AE,Registered Sign
&trade;,&#8482;,\2122,U+2122,Trade Mark Sign
&commat;,&#64;,\0040,U+0040,Commercial At
&Copf;,&#8450;,\2102,U+2102,Double-Struck Capital C
&incare;,&#8453;,\2105,U+2105,Care Of
&gscr;,&#8458;,\210A,U+210A,Script Small G
&hamilt;,&#8459;,\210B,U+210B,Script Capital H
&Hfr;,&#8460;,\210C,U+210C,Black-Letter Capital H
&Hopf;,&#8461;,\210D,U+210D,Double-Struck Capital H
&planckh;,&#8462;,\210E,U+210E,Planck Constant
&planck;,&#8463;,\210F,U+210F,Planck Constant Over Two Pi
&Iscr;,&#8464;,\2110,U+2110,Script Capital I
&image;,&#8465;,\2111,U+2111,Black-Letter Capital I
&Lscr;,&#8466;,\2112,U+2112,Script Capital L
&ell;,&#8467;,\2113,U+2113,Script Small L
&Nopf;,&#8469;,\2115,U+2115,Double-Struck Capital N
&numero;,&#8470;,\2116,U+2116,Numero Sign
&copysr;,&#8471;,\2117,U+2117,Sound Recording Copyright
&weierp;,&#8472;,\2118,U+2118,Script Capital P
&Popf;,&#8473;,\2119,U+2119,Double-Struck Capital P
&Qopf;,&#8474;,\211A,U+211A,Double-Struck Capital Q
&Rscr;,&#8475;,\211B,U+211B,Script Capital R
&real;,&#8476;,\211C,U+211C,Black-Letter Capital R
&Ropf;,&#8477;,\211D,U+211D,Double-Struck Capital R
&rx;,&#8478;,\211E,U+211E,Prescription Take
&Zopf;,&#8484;,\2124,U+2124,Double-Struck Capital Z
&mho;,&#8487;,\2127,U+2127,Inverted Ohm Sign
&Zfr;,&#8488;,\2128,U+2128,Black-Letter Capital Z
&iiota;,&#8489;,\2129,U+2129,Turned Greek Small Letter Iota
&bernou;,&#8492;,\212C,U+212C,Script Capital B
&Cfr;,&#8493;,\212D,U+212D,Black-Letter Capital C
&escr;,&#8495;,\212F,U+212F,Script Small E
&Escr;,&#8496;,\2130,U+2130,Script Capital E
&Fscr;,&#8497;,\2131,U+2131,Script Capital F
&Mscr;,&#8499;,\2133,U+2133,Script Capital M
&oscr;,&#8500;,\2134,U+2134,Script Small O
&alefsym;,&#8501;,\2135,U+2135,Alef Symbol
&beth;,&#8502;,\2136,U+2136,Bet Symbol
&gimel;,&#8503;,\2137,U+2137,Gimel Symbol
&daleth;,&#8504;,\2138,U+2138,Dalet Symbol
&DD;,&#8517;,\2145,U+2145,Double-Struck Italic Capital D
&dd;,&#8518;,\2146,U+2146,Double-Struck Italic Small D
&ee;,&#8519;,\2147,U+2147,Double-Struck Italic Small E
&ii;,&#8520;,\2148,U+2148,Double-Struck Italic Small I
&starf;,&#9733;,\2605,U+2605,Black Star
&star;,&#9734;,\2606,U+2606,White Star
&phone;,&#9742;,\260E,U+260E,Black Telephone
&female;,&#9792;,\2640,U+2640,Female Sign
&male;,&#9794;,\2642,U+2642,Male Sign
&spades;,&#9824;,\2660,U+2660,Black Spade Suit
&clubs;,&#9827;,\2663,U+2663,Black Club Suit
&hearts;,&#9829;,\2665,U+2665,Black Heart Suit
&diams;,&#9830;,\2666,U+2666,Black Diamond Suit
&loz;,&#9674;,\25CA,U+25CA,Lozenge
&sung;,&#9834;,\266A,U+266A,Eighth Note
&flat;,&#9837;,\266D,U+266D,Music Flat Sign
&natural;,&#9838;,\266E,U+266E,Music Natural Sign
&sharp;,&#9839;,\266F,U+266F,Music Sharp Sign
&check;,&#10003;,\2713,U+2713,Check Mark
&cross;,&#10007;,\2717,U+2717,Ballot X
&malt;,&#10016;,\2720,U+2720,Maltese Cross
&sext;,&#10038;,\2736,U+2736,Six Pointed Black Star
&VerticalSeparator;,&#10072;,\2758,U+2758,Light Vertical Bar
&lbbrk;,&#10098;,\2772,U+2772,Light Left Tortoise Shell Bracket Ornament
&rbbrk;,&#10099;,\2773,U+2773,Light Right Tortoise Shell Bracket Ornament
&excl;,&#33;,\0021,U+0021,Exclamation Mark
&num;,&#35;,\0023,U+0023,Number Sign
&percnt;,&#37;,\0025,U+0025,Percent Sign
&amp;,&#38;,\0026,U+0026,Ampersand
&lpar;,&#40;,\0028,U+0028,Left Parenthesis
&rpar;,&#41;,\0029,U+0029,Right Parenthesis
&ast;,&#42;,\002A,U+002A,Asterisk
&comma;,&#44;,\002C,U+002C,Comma
&period;,&#46;,\002E,U+002E,Full Stop
&sol;,&#47;,\002F,U+002F,Solidus
&colon;,&#58;,\003A,U+003A,Colon
&semi;,&#59;,\003B,U+003B,Semicolon
&quest;,&#63;,\003F,U+003F,Question Mark
&lbrack;,&#91;,\005B,U+005B,Left Square Bracket
&bsol;,&#92;,\005C,U+005C,Reverse Solidus
&rbrack;,&#93;,\005D,U+005D,Right Square Bracket
&Hat;,&#94;,\005E,U+005E,Circumflex Accent
&lowbar;,&#95;,\005F,U+005F,Low Line
&grave;,&#96;,\0060,U+0060,Grave Accent
&lbrace;,&#123;,\007B,U+007B,Left Curly Bracket
&vert;,&#124;,\007C,U+007C,Vertical Line
&rbrace;,&#125;,\007D,U+007D,Right Curly Bracket
&tilde;,&#126;,\007E,U+007E,Tilde
&circ;,&#710;,\02C6,U+02C6,Modifier Letter Circumflex Accent
&nbsp;,&#160;,\00A0,U+00A0,No-Break Space
&ensp;,&#8194;,\2002,U+2002,En Space
&emsp;,&#8195;,\2003,U+2003,Em Space
&thinsp;,&#8201;,\2009,U+2009,Thin Space
&zwnj;,&#8204;,\200C,U+200C,Zero Width Non-Joiner
&zwj;,&#8205;,\200D,U+200D,Zero Width Joiner
&lrm;,&#8206;,\200E,U+200E,Left-To-Right Mark
&rlm;,&#8207;,\200F,U+200F,Right-To-Left Mark
&iexcl;,&#161;,\00A1,U+00A1,Inverted Exclamation Mark
&brvbar;,&#166;,\00A6,U+00A6,Broken Bar
&sect;,&#167;,\00A7,U+00A7,Section Sign
&uml;,&#168;,\00A8,U+00A8,Diaeresis
&ordf;,&#170;,\00AA,U+00AA,Feminine Ordinal Indicator
&not;,&#172;,\00AC,U+00AC,Not Sign
&shy;,&#173;,\00AD,U+00AD,Soft Hyphen
&macr;,&#175;,\00AF,U+00AF,Macron
&sup2;,&#178;,\00B2,U+00B2,Superscript Two
&sup3;,&#179;,\00B3,U+00B3,Superscript Three
&acute;,&#180;,\00B4,U+00B4,Acute Accent
&micro;,&#181;,\00B5,U+00B5,Micro Sign
&para;,&#182;,\00B6,U+00B6,Pilcrow Sign
&middot;,&#183;,\00B7,U+00B7,Middle Dot
&cedil;,&#184;,\00B8,U+00B8,Cedilla
&sup1;,&#185;,\00B9,U+00B9,Superscript One
&ordm;,&#186;,\00BA,U+00BA,Masculine Ordinal Indicator
&iquest;,&#191;,\00BF,U+00BF,Inverted Question Mark
&hyphen;,&#8208;,\2010,U+2010,Hyphen
&ndash;,&#8211;,\2013,U+2013,En Dash
&mdash;,&#8212;,\2014,U+2014,Em Dash
&horbar;,&#8213;,\2015,U+2015,Horizontal Bar
&Vert;,&#8214;,\2016,U+2016,Double Vertical Line
&dagger;,&#8224;,\2020,U+2020,Dagger
&Dagger;,&#8225;,\2021,U+2021,Double Dagger
&bull;,&#8226;,\2022,U+2022,Bullet
&nldr;,&#8229;,\2025,U+2025,Two Dot Leader
&hellip;,&#8230;,\2026,U+2026,Horizontal Ellipsis
&;,&#8240;,\2030,U+2030,Per Mille Sign
&pertenk;,&#8241;,\2031,U+2031,Per Ten Thousand Sign
&prime;,&#8242;,\2032,U+2032,Prime
&Prime;,&#8243;,\2033,U+2033,Double Prime
&tprime;,&#8244;,\2034,U+2034,Triple Prime
&bprime;,&#8245;,\2035,U+2035,Reversed Prime
&oline;,&#8254;,\203E,U+203E,Overline
&caret;,&#8257;,\2041,U+2041,Caret Insertion Point
&hybull;,&#8259;,\2043,U+2043,Hyphen Bullet
&frasl;,&#8260;,\2044,U+2044,Fraction Slash
&bsemi;,&#8271;,\204F,U+204F,Reversed Semicolon
&qprime;,&#8279;,\2057,U+2057,Quadruple Prime
&quot;,&#34;,\0022,U+0022,Quotation Mark
&apos;,&#39;,\0027,U+0027,Apostrophe
&laquo;,&#171;,\00AB,U+00AB,Left-Pointing Double Angle Quotation Mark
&raquo;,&#187;,\00BB,U+00BB,Right-Pointing Double Angle Quotation Mark
&lsquo;,&#8216;,\2018,U+2018,Left Single Quotation Mark
&rsquo;,&#8217;,\2019,U+2019,Right Single Quotation Mark
&sbquo;,&#8218;,\201A,U+201A,Single Low-9 Quotation Mark
&ldquo;,&#8220;,\201C,U+201C,Left Double Quotation Mark
&rdquo;,&#8221;,\201D,U+201D,Right Double Quotation Mark
&bdquo;,&#8222;,\201E,U+201E,Double Low-9 Quotation Mark
&lsaquo;,&#8249;,\2039,U+2039,Single Left-Pointing Angle Quotation Mark
&rsaquo;,&#8250;,\203A,U+203A,Single Right-Pointing Angle Quotation Mark
&frac14;,&#188;,\00BC,U+00BC,Vulgar Fraction One Quarter
&frac12;,&#189;,\00BD,U+00BD,Vulgar Fraction One Half
&frac34;,&#190;,\00BE,U+00BE,Vulgar Fraction Three Quarters
&frac13;,&#8531;,\2153,U+2153,Vulgar Fraction One Third
&frac23;,&#8532;,\2154,U+2154,Vulgar Fraction Two Thirds
&frac15;,&#8533;,\2155,U+2155,Vulgar Fraction One Fifth
&frac25;,&#8534;,\2156,U+2156,Vulgar Fraction Two Fifths
&frac35;,&#8535;,\2157,U+2157,Vulgar Fraction Three Fifths
&frac45;,&#8536;,\2158,U+2158,Vulgar Fraction Four Fifths
&frac16;,&#8537;,\2159,U+2159,Vulgar Fraction One Sixth
&frac56;,&#8538;,\215A,U+215A,Vulgar Fraction Five Sixths
&frac18;,&#8539;,\215B,U+215B,Vulgar Fraction One Eighth
&frac38;,&#8540;,\215C,U+215C,Vulgar Fraction Three Eighths
&frac58;,&#8541;,\215D,U+215D,Vulgar Fraction Five Eighths
&frac78;,&#8542;,\215E,U+215E,Vulgar Fraction Seven Eighths
&plus;,&#43;,\002B,U+002B,Plus Sign
&minus;,&#8722;,\2212,U+2212,Minus Sign
&times;,&#215;,\00D7,U+00D7,Multiplication Sign
&divide;,&#247;,\00F7,U+00F7,Division Sign
&equals;,&#61;,\003D,U+003D,Equals Sign
&ne;,&#8800;,\2260,U+2260,Not Equal To
&plusmn;,&#177;,\00B1,U+00B1,Plus minus symbol
&not;,&#172;,\00AC,U+00AC,Not Sign
&lt;,&#60;,\003C,U+003C,Less-Than Sign
&gt;,&#62;,\003E,U+003E,Greater-Than Sign
&deg;,&#176;,\00B0,U+00B0,Degree Sign
&sup1;,&#185;,\00B9,U+00B9,Superscript One
&sup2;,&#178;,\00B2,U+00B2,Superscript Two
&sup3;,&#179;,\00B3,U+00B3,Superscript Three
&fnof;,&#402;,\0192,U+0192,Latin Small Letter F with Hook
&percnt;,&#37;,\0025,U+0025,Percent Sign
&permil;,&#137;,\0089,U+0089,Character Tabulation with Justification
&pertenk;,&#8241;,\2031,U+2031,Per Ten Thousand Sign
&forall;,&#8704;,\2200,U+2200,For All
&comp;,&#8705;,\2201,U+2201,Complement
&part;,&#8706;,\2202,U+2202,Partial Differential
&exist;,&#8707;,\2203,U+2203,There Exists
&nexist;,&#8708;,\2204,U+2204,There Does Not Exist
&empty;,&#8709;,\2205,U+2205,Empty Set
&nabla;,&#8711;,\2207,U+2207,Nabla
&isin;,&#8712;,\2208,U+2208,Element Of
&notin;,&#8713;,\2209,U+2209,Not an Element Of
&ni;,&#8715;,\220B,U+220B,Contains As Member
&notni;,&#8716;,\220C,U+220C,Does Not Contain As Member
&prod;,&#8719;,\220F,U+220F,N-Ary Product
&coprod;,&#8720;,\2210,U+2210,N-Ary Coproduct
&sum;,&#8721;,\2211,U+2211,N-Ary Summation
&mnplus;,&#8723;,\2213,U+2213,Minus-or-Plus Sign
&plusdo;,&#8724;,\2214,U+2214,Dot Plus
&setminus;,&#8726;,\2216,U+2216,Set Minus
&lowast;,&#8727;,\2217,U+2217,Asterisk Operator
&compfn;,&#8728;,\2218,U+2218,Ring Operator
&radic;,&#8730;,\221A,U+221A,Square Root
&prop;,&#8733;,\221D,U+221D,Proportional To
&infin;,&#8734;,\221E,U+221E,Infinity
&angrt;,&#8735;,\221F,U+221F,Right Angle
&ang;,&#8736;,\2220,U+2220,Angle
&angmsd;,&#8737;,\2221,U+2221,Measured Angle
&angsph;,&#8738;,\2222,U+2222,Spherical Angle
&mid;,&#8739;,\2223,U+2223,Divides
&nmid;,&#8740;,\2224,U+2224,Does Not Divide
&parallel;,&#8741;,\2225,U+2225,Parallel To
&npar;,&#8742;,\2226,U+2226,Not Parallel To
&and;,&#8743;,\2227,U+2227,Logical And
&or;,&#8744;,\2228,U+2228,Logical Or
&cap;,&#8745;,\2229,U+2229,Intersection
&cup;,&#8746;,\222A,U+222A,Union
&int;,&#8747;,\222B,U+222B,Integral
&Int;,&#8748;,\222C,U+222C,Double Integral
&iiint;,&#8749;,\222D,U+222D,Triple Integral
&conint;,&#8750;,\222E,U+222E,Contour Integral
&Conint;,&#8751;,\222F,U+222F,Surface Integral
&Cconint;,&#8752;,\2230,U+2230,Volume Integral
&cwint;,&#8753;,\2231,U+2231,Clockwise Integral
&cwconint;,&#8754;,\2232,U+2232,Clockwise Contour Integral
&awconint;,&#8755;,\2233,U+2233,Anticlockwise Contour Integral
&there4;,&#8756;,\2234,U+2234,Therefore
&because;,&#8757;,\2235,U+2235,Because
&ratio;,&#8758;,\2236,U+2236,Ratio
&Colon;,&#8759;,\2237,U+2237,Proportion
&minusd;,&#8760;,\2238,U+2238,Dot Minus
&mDDot;,&#8762;,\223A,U+223A,Geometric Proportion
&homtht;,&#8763;,\223B,U+223B,Homothetic
&sim;,&#8764;,\223C,U+223C,Tilde Operator
&bsim;,&#8765;,\223D,U+223D,Reversed Tilde
&ac;,&#8766;,\223E,U+223E,Inverted Lazy S
&acd;,&#8767;,\223F,U+223F,Sine Wave
&wreath;,&#8768;,\2240,U+2240,Wreath Product
&nsim;,&#8769;,\2241,U+2241,Not Tilde
&esim;,&#8770;,\2242,U+2242,Minus Tilde
&sime;,&#8771;,\2243,U+2243,Asymptotically Equal To
&nsime;,&#8772;,\2244,U+2244,Not Asymptotically Equal To
&cong;,&#8773;,\2245,U+2245,Approximately Equal To
&simne;,&#8774;,\2246,U+2246,Approximately But Not Actually Equal To
&ncong;,&#8775;,\2247,U+2247,Neither Approximately nor Actually Equal To
&asymp;,&#8776;,\2248,U+2248,Almost Equal To
&nap;,&#8777;,\2249,U+2249,Not Almost Equal To
&approxeq;,&#8778;,\224A,U+224A,Almost Equal or Equal To
&apid;,&#8779;,\224B,U+224B,Triple Tilde
&bcong;,&#8780;,\224C,U+224C,All Equal To
&asympeq;,&#8781;,\224D,U+224D,Equivalent To
&bump;,&#8782;,\224E,U+224E,Geometrically Equivalent To
&bumpe;,&#8783;,\224F,U+224F,Difference Between
&esdot;,&#8784;,\2250,U+2250,Approaches the Limit
&eDot;,&#8785;,\2251,U+2251,Geometrically Equal To
&efDot;,&#8786;,\2252,U+2252,Approximately Equal To or the Image Of
&erDot;,&#8787;,\2253,U+2253,Image of or Approximately Equal To
&colone;,&#8788;,\2254,U+2254,Colon Equals
&ecolon;,&#8789;,\2255,U+2255,Equals Colon
&ecir;,&#8790;,\2256,U+2256,Ring In Equal To
&cire;,&#8791;,\2257,U+2257,Ring Equal To
&wedgeq;,&#8793;,\2259,U+2259,Estimates
&veeeq;,&#8794;,\225A,U+225A,Equiangular To
&trie;,&#8796;,\225C,U+225C,Delta Equal To
&equest;,&#8799;,\225F,U+225F,Questioned Equal To
&equiv;,&#8801;,\2261,U+2261,Identical To
&nequiv;,&#8802;,\2262,U+2262,Not Identical To
&le;,&#8804;,\2264,U+2264,Less-Than or Equal To
&ge;,&#8805;,\2265,U+2265,Greater-Than or Equal To
&lE;,&#8806;,\2266,U+2266,Less-Than Over Equal To
&gE;,&#8807;,\2267,U+2267,Greater-Than Over Equal To
&lnE;,&#8808;,\2268,U+2268,Less-Than But Not Equal To
&gnE;,&#8809;,\2269,U+2269,Greater-Than But Not Equal To
&Lt;,&#8810;,\226A,U+226A,Much Less-Than
&Gt;,&#8811;,\226B,U+226B,Much Greater-Than
&between;,&#8812;,\226C,U+226C,Between
&NotCupCap;,&#8813;,\226D,U+226D,Not Equivalent To
&nlt;,&#8814;,\226E,U+226E,Not Less-Than
&ngt;,&#8815;,\226F,U+226F,Not Greater-Than
&nle;,&#8816;,\2270,U+2270,Neither Less-Than nor Equal To
&nge;,&#8817;,\2271,U+2271,Neither Greater-Than nor Equal To
&lsim;,&#8818;,\2272,U+2272,Less-Than or Equivalent To
&gsim;,&#8819;,\2273,U+2273,Greater-Than or Equivalent To
&nlsim;,&#8820;,\2274,U+2274,Neither Less-Than nor Equivalent To
&ngsim;,&#8821;,\2275,U+2275,Neither Greater-Than nor Equivalent To
&lg;,&#8822;,\2276,U+2276,Less-Than or Greater-Than
&gl;,&#8823;,\2277,U+2277,Greater-Than or Less-Than
&ntlg;,&#8824;,\2278,U+2278,Neither Less-Than nor Greater-Than
&ntgl;,&#8825;,\2279,U+2279,Neither Greater-Than nor Less-Than
&pr;,&#8826;,\227A,U+227A,Precedes
&sc;,&#8827;,\227B,U+227B,Succeeds
&prcue;,&#8828;,\227C,U+227C,Precedes or Equal To
&sccue;,&#8829;,\227D,U+227D,Succeeds or Equal To
&prsim;,&#8830;,\227E,U+227E,Precedes or Equivalent To
&scsim;,&#8831;,\227F,U+227F,Succeeds or Equivalent To
&npr;,&#8832;,\2280,U+2280,Does Not Precede
&nsc;,&#8833;,\2281,U+2281,Does Not Succeed
&sub;,&#8834;,\2282,U+2282,Subset Of
&sup;,&#8835;,\2283,U+2283,Superset Of
&nsub;,&#8836;,\2284,U+2284,Not a Subset Of
&nsup;,&#8837;,\2285,U+2285,Not a Superset Of
&sube;,&#8838;,\2286,U+2286,Subset of or Equal To
&supe;,&#8839;,\2287,U+2287,Superset of or Equal To
&nsube;,&#8840;,\2288,U+2288,Neither a Subset of nor Equal To
&nsupe;,&#8841;,\2289,U+2289,Neither a Superset of nor Equal To
&subne;,&#8842;,\228A,U+228A,Subset of with Not Equal To
&supne;,&#8843;,\228B,U+228B,Superset of with Not Equal To
&cupdot;,&#8845;,\228D,U+228D,Multiset Multiplication
&uplus;,&#8846;,\228E,U+228E,Multiset Union
&sqsub;,&#8847;,\228F,U+228F,Square Image Of
&sqsup;,&#8848;,\2290,U+2290,Square Original Of
&sqsube;,&#8849;,\2291,U+2291,Square Image of or Equal To
&sqsupe;,&#8850;,\2292,U+2292,Square Original of or Equal To
&sqcap;,&#8851;,\2293,U+2293,Square Cap
&sqcup;,&#8852;,\2294,U+2294,Square Cup
&oplus;,&#8853;,\2295,U+2295,Circled Plus
&ominus;,&#8854;,\2296,U+2296,Circled Minus
&otimes;,&#8855;,\2297,U+2297,Circled Times
&osol;,&#8856;,\2298,U+2298,Circled Division Slash
&odot;,&#8857;,\2299,U+2299,Circled Dot Operator
&ocir;,&#8858;,\229A,U+229A,Circled Ring Operator
&oast;,&#8859;,\229B,U+229B,Circled Asterisk Operator
&odash;,&#8861;,\229D,U+229D,Circled Dash
&plusb;,&#8862;,\229E,U+229E,Squared Plus
&minusb;,&#8863;,\229F,U+229F,Squared Minus
&timesb;,&#8864;,\22A0,U+22A0,Squared Times
&sdotb;,&#8865;,\22A1,U+22A1,Squared Dot Operator
&vdash;,&#8866;,\22A2,U+22A2,Right Tack
&dashv;,&#8867;,\22A3,U+22A3,Left Tack
&top;,&#8868;,\22A4,U+22A4,Down Tack
&perp;,&#8869;,\22A5,U+22A5,Up Tack
&models;,&#8871;,\22A7,U+22A7,Models
&vDash;,&#8872;,\22A8,U+22A8,TRUE
&Vdash;,&#8873;,\22A9,U+22A9,Forces
&Vvdash;,&#8874;,\22AA,U+22AA,Triple Vertical Bar Right Turnstile
&VDash;,&#8875;,\22AB,U+22AB,Double Vertical Bar Double Right Turnstile
&nvdash;,&#8876;,\22AC,U+22AC,Does Not Prove
&nvDash;,&#8877;,\22AD,U+22AD,Not True
&nVdash;,&#8878;,\22AE,U+22AE,Does Not Force
&nVDash;,&#8879;,\22AF,U+22AF,Negated Double Vertical Bar Double Right Turnstile
&prurel;,&#8880;,\22B0,U+22B0,Precedes Under Relation
&vltri;,&#8882;,\22B2,U+22B2,Normal Subgroup Of
&vrtri;,&#8883;,\22B3,U+22B3,Contains As Normal Subgroup
&ltrie;,&#8884;,\22B4,U+22B4,Normal Subgroup of or Equal To
&rtrie;,&#8885;,\22B5,U+22B5,Contains As Normal Subgroup or Equal To
&origof;,&#8886;,\22B6,U+22B6,Original Of
&imof;,&#8887;,\22B7,U+22B7,Image Of
&mumap;,&#8888;,\22B8,U+22B8,Multimap
&hercon;,&#8889;,\22B9,U+22B9,Hermitian Conjugate Matrix
&intcal;,&#8890;,\22BA,U+22BA,Intercalate
&veebar;,&#8891;,\22BB,U+22BB,Xor
&barvee;,&#8893;,\22BD,U+22BD,Nor
&angrtvb;,&#8894;,\22BE,U+22BE,Right Angle with Arc
&lrtri;,&#8895;,\22BF,U+22BF,Right Triangle
&xwedge;,&#8896;,\22C0,U+22C0,N-Ary Logical And
&xvee;,&#8897;,\22C1,U+22C1,N-Ary Logical Or
&xcap;,&#8898;,\22C2,U+22C2,N-Ary Intersection
&xcup;,&#8899;,\22C3,U+22C3,N-Ary Union
&diamond;,&#8900;,\22C4,U+22C4,Diamond Operator
&sdot;,&#8901;,\22C5,U+22C5,Dot Operator
&Star;,&#8902;,\22C6,U+22C6,Star Operator
&divonx;,&#8903;,\22C7,U+22C7,Division Times
&bowtie;,&#8904;,\22C8,U+22C8,Bowtie
&ltimes;,&#8905;,\22C9,U+22C9,Left Normal Factor Semidirect Product
&rtimes;,&#8906;,\22CA,U+22CA,Right Normal Factor Semidirect Product
&lthree;,&#8907;,\22CB,U+22CB,Left Semidirect Product
&rthree;,&#8908;,\22CC,U+22CC,Right Semidirect Product
&bsime;,&#8909;,\22CD,U+22CD,Reversed Tilde Equals
&cuvee;,&#8910;,\22CE,U+22CE,Curly Logical Or
&cuwed;,&#8911;,\22CF,U+22CF,Curly Logical And
&Sub;,&#8912;,\22D0,U+22D0,Double Subset
&Sup;,&#8913;,\22D1,U+22D1,Double Superset
&Cap;,&#8914;,\22D2,U+22D2,Double Intersection
&Cup;,&#8915;,\22D3,U+22D3,Double Union
&fork;,&#8916;,\22D4,U+22D4,Pitchfork
&epar;,&#8917;,\22D5,U+22D5,Equal and Parallel To
&ltdot;,&#8918;,\22D6,U+22D6,Less-Than with Dot
&gtdot;,&#8919;,\22D7,U+22D7,Greater-Than with Dot
&Ll;,&#8920;,\22D8,U+22D8,Very Much Less-Than
&Gg;,&#8921;,\22D9,U+22D9,Very Much Greater-Than
&leg;,&#8922;,\22DA,U+22DA,Less-Than Equal To or Greater-Than
&gel;,&#8923;,\22DB,U+22DB,Greater-Than Equal To or Less-Than
&cuepr;,&#8926;,\22DE,U+22DE,Equal To or Precedes
&cuesc;,&#8927;,\22DF,U+22DF,Equal To or Succeeds
&nprcue;,&#8928;,\22E0,U+22E0,Does Not Precede or Equal
&nsccue;,&#8929;,\22E1,U+22E1,Does Not Succeed or Equal
&nsqsube;,&#8930;,\22E2,U+22E2,Not Square Image of or Equal To
&nsqsupe;,&#8931;,\22E3,U+22E3,Not Square Original of or Equal To
&lnsim;,&#8934;,\22E6,U+22E6,Less-Than But Not Equivalent To
&gnsim;,&#8935;,\22E7,U+22E7,Greater-Than But Not Equivalent To
&prnsim;,&#8936;,\22E8,U+22E8,Precedes But Not Equivalent To
&scnsim;,&#8937;,\22E9,U+22E9,Succeeds But Not Equivalent To
&nltri;,&#8938;,\22EA,U+22EA,Not Normal Subgroup Of
&nrtri;,&#8939;,\22EB,U+22EB,Does Not Contain As Normal Subgroup
&nltrie;,&#8940;,\22EC,U+22EC,Not Normal Subgroup of or Equal To
&nrtrie;,&#8941;,\22ED,U+22ED,Does Not Contain As Normal Subgroup or Equal
&vellip;,&#8942;,\22EE,U+22EE,Vertical Ellipsis
&ctdot;,&#8943;,\22EF,U+22EF,Midline Horizontal Ellipsis
&utdot;,&#8944;,\22F0,U+22F0,Up Right Diagonal Ellipsis
&dtdot;,&#8945;,\22F1,U+22F1,Down Right Diagonal Ellipsis
&disin;,&#8946;,\22F2,U+22F2,Element of with Long Horizontal Stroke
&isinsv;,&#8947;,\22F3,U+22F3,Element of with Vertical Bar At End of Horizontal Stroke
&isins;,&#8948;,\22F4,U+22F4,Small Element of with Vertical Bar At End of Horizontal Stroke
&isindot;,&#8949;,\22F5,U+22F5,Element of with Dot Above
&notinvc;,&#8950;,\22F6,U+22F6,Element of with Overbar
&notinvb;,&#8951;,\22F7,U+22F7,Small Element of with Overbar
&isinE;,&#8953;,\22F9,U+22F9,Element of with Two Horizontal Strokes
&nisd;,&#8954;,\22FA,U+22FA,Contains with Long Horizontal Stroke
&xnis;,&#8955;,\22FB,U+22FB,Contains with Vertical Bar At End of Horizontal Stroke
&nis;,&#8956;,\22FC,U+22FC,Small Contains with Vertical Bar At End of Horizontal Stroke
&notnivc;,&#8957;,\22FD,U+22FD,Contains with Overbar
&notnivb;,&#8958;,\22FE,U+22FE,Small Contains with Overbar
&lceil;,&#8968;,\2308,U+2308,Left Ceiling
&rceil;,&#8969;,\2309,U+2309,Right Ceiling
&lfloor;,&#8970;,\230A,U+230A,Left Floor
&rfloor;,&#8971;,\230B,U+230B,Right Floor
&lang;,&#9001;,\2329,U+2329,Left-Pointing Angle Bracket
&rang;,&#9002;,\232A,U+232A,Right-Pointing Angle Bracket
&Alpha;,&#913;,\0391,U+0391,Greek Capital Letter Alpha
&Beta;,&#914;,\0392,U+0392,Greek Capital Letter Beta
&Gamma;,&#915;,\0393,U+0393,Greek Capital Letter Gamma
&Delta;,&#916;,\0394,U+0394,Greek Capital Letter Delta
&Epsilon;,&#917;,\0395,U+0395,Greek Capital Letter Epsilon
&Zeta;,&#918;,\0396,U+0396,Greek Capital Letter Zeta
&Eta;,&#919;,\0397,U+0397,Greek Capital Letter Eta
&Theta;,&#920;,\0398,U+0398,Greek Capital Letter Theta
&Iota;,&#921;,\0399,U+0399,Greek Capital Letter Iota
&Kappa;,&#922;,\039A,U+039A,Greek Capital Letter Kappa
&Lambda;,&#923;,\039B,U+039B,Greek Capital Letter Lamda
&Mu;,&#924;,\039C,U+039C,Greek Capital Letter Mu
&Nu;,&#925;,\039D,U+039D,Greek Capital Letter Nu
&Xi;,&#926;,\039E,U+039E,Greek Capital Letter Xi
&Omicron;,&#927;,\039F,U+039F,Greek Capital Letter Omicron
&Pi;,&#928;,\03A0,U+03A0,Greek Capital Letter Pi
&Rho;,&#929;,\03A1,U+03A1,Greek Capital Letter Rho
&Sigma;,&#931;,\03A3,U+03A3,Greek Capital Letter Sigma
&Tau;,&#932;,\03A4,U+03A4,Greek Capital Letter Tau
&Upsilon;,&#933;,\03A5,U+03A5,Greek Capital Letter Upsilon
&Phi;,&#934;,\03A6,U+03A6,Greek Capital Letter Phi
&Chi;,&#935;,\03A7,U+03A7,Greek Capital Letter Chi
&Psi;,&#936;,\03A8,U+03A8,Greek Capital Letter Psi
&Omega;,&#937;,\03A9,U+03A9,Greek Capital Letter Omega
&alpha;,&#945;,\03B1,U+03B1,Greek Small Letter Alpha
&beta;,&#946;,\03B2,U+03B2,Greek Small Letter Beta
&gamma;,&#947;,\03B3,U+03B3,Greek Small Letter Gamma
&delta;,&#948;,\03B4,U+03B4,Greek Small Letter Delta
&epsilon;,&#949;,\03B5,U+03B5,Greek Small Letter Epsilon
&zeta;,&#950;,\03B6,U+03B6,Greek Small Letter Zeta
&eta;,&#951;,\03B7,U+03B7,Greek Small Letter Eta
&theta;,&#952;,\03B8,U+03B8,Greek Small Letter Theta
&iota;,&#953;,\03B9,U+03B9,Greek Small Letter Iota
&kappa;,&#954;,\03BA,U+03BA,Greek Small Letter Kappa
&lambda;,&#955;,\03BB,U+03BB,Greek Small Letter Lamda
&mu;,&#956;,\03BC,U+03BC,Greek Small Letter Mu
&nu;,&#957;,\03BD,U+03BD,Greek Small Letter Nu
&xi;,&#958;,\03BE,U+03BE,Greek Small Letter Xi
&omicron;,&#959;,\03BF,U+03BF,Greek Small Letter Omicron
&pi;,&#960;,\03C0,U+03C0,Greek Small Letter Pi
&rho;,&#961;,\03C1,U+03C1,Greek Small Letter Rho
&sigmaf;,&#962;,\03C2,U+03C2,Greek Small Letter Final Sigma
&sigma;,&#963;,\03C3,U+03C3,Greek Small Letter Sigma
&tau;,&#964;,\03C4,U+03C4,Greek Small Letter Tau
&upsilon;,&#965;,\03C5,U+03C5,Greek Small Letter Upsilon
&phi;,&#966;,\03C6,U+03C6,Greek Small Letter Phi
&chi;,&#967;,\03C7,U+03C7,Greek Small Letter Chi
&psi;,&#968;,\03C8,U+03C8,Greek Small Letter Psi
&omega;,&#969;,\03C9,U+03C9,Greek Small Letter Omega
&thetasym;,&#977;,\03D1,U+03D1,Greek Theta Symbol
&upsih;,&#978;,\03D2,U+03D2,Greek Upsilon with Hook Symbol
&piv;,&#982;,\03D6,U+03D6,Greek Pi Symbol
&Agrave;,&#192;,\00C0,U+00C0,Latin Capital Letter a with Grave
&Aacute;,&#193;,\00C1,U+00C1,Latin Capital Letter a with Acute
&Acirc;,&#194;,\00C2,U+00C2,Latin Capital Letter a with Circumflex
&Atilde;,&#195;,\00C3,U+00C3,Latin Capital Letter a with Tilde
&Auml;,&#196;,\00C4,U+00C4,Latin Capital Letter a with Diaeresis
&Aring;,&#197;,\00C5,U+00C5,Latin Capital Letter a with Ring Above
&AElig;,&#198;,\00C6,U+00C6,Latin Capital Letter Ae
&Ccedil;,&#199;,\00C7,U+00C7,Latin Capital Letter C with Cedilla
&Egrave;,&#200;,\00C8,U+00C8,Latin Capital Letter E with Grave
&Eacute;,&#201;,\00C9,U+00C9,Latin Capital Letter E with Acute
&Ecirc;,&#202;,\00CA,U+00CA,Latin Capital Letter E with Circumflex
&Euml;,&#203;,\00CB,U+00CB,Latin Capital Letter E with Diaeresis
&Lgrave;,&#204;,\00CC,U+00CC,Latin Capital Letter I with Grave
&Lacute;,&#313;,\0139,U+0139,Latin Capital Letter L with Acute
&Lcirc;,&#206;,\00CE,U+00CE,Latin Capital Letter I with Circumflex
&Luml;,&#207;,\00CF,U+00CF,Latin Capital Letter I with Diaeresis
&ETH;,&#208;,\00D0,U+00D0,Latin Capital Letter Eth
&Ntilde;,&#209;,\00D1,U+00D1,Latin Capital Letter N with Tilde
&Ograve;,&#210;,\00D2,U+00D2,Latin Capital Letter O with Grave
&Oacute;,&#211;,\00D3,U+00D3,Latin Capital Letter O with Acute
&Ocirc;,&#212;,\00D4,U+00D4,Latin Capital Letter O with Circumflex
&Otilde;,&#213;,\00D5,U+00D5,Latin Capital Letter O with Tilde
&Ouml;,&#214;,\00D6,U+00D6,Latin Capital Letter O with Diaeresis
&Oslash;,&#216;,\00D8,U+00D8,Latin Capital Letter O with Stroke
&Ugrave;,&#217;,\00D9,U+00D9,Latin Capital Letter U with Grave
&Uacute;,&#218;,\00DA,U+00DA,Latin Capital Letter U with Acute
&Ucirc;,&#219;,\00DB,U+00DB,Latin Capital Letter U with Circumflex
&Uuml;,&#220;,\00DC,U+00DC,Latin Capital Letter U with Diaeresis
&Yacute;,&#221;,\00DD,U+00DD,Latin Capital Letter Y with Acute
&THORN;,&#222;,\00DE,U+00DE,Latin Capital Letter Thorn
&szlig;,&#223;,\00DF,U+00DF,Latin Small Letter Sharp S
&agrave;,&#224;,\00E0,U+00E0,Latin Small Letter a with Grave
&aacute;,&#225;,\00E1,U+00E1,Latin Small Letter a with Acute
&acirc;,&#226;,\00E2,U+00E2,Latin Small Letter a with Circumflex
&atilde;,&#227;,\00E3,U+00E3,Latin Small Letter a with Tilde
&auml;,&#228;,\00E4,U+00E4,Latin Small Letter a with Diaeresis
&aring;,&#229;,\00E5,U+00E5,Latin Small Letter a with Ring Above
&aelig;,&#230;,\00E6,U+00E6,Latin Small Letter Ae
&ccedil;,&#231;,\00E7,U+00E7,Latin Small Letter C with Cedilla
&egrave;,&#232;,\00E8,U+00E8,Latin Small Letter E with Grave
&eacute;,&#233;,\00E9,U+00E9,Latin Small Letter E with Acute
&ecirc;,&#234;,\00EA,U+00EA,Latin Small Letter E with Circumflex
&euml;,&#235;,\00EB,U+00EB,Latin Small Letter E with Diaeresis
&igrave;,&#236;,\00EC,U+00EC,Latin Small Letter I with Grave
&iacute;,&#237;,\00ED,U+00ED,Latin Small Letter I with Acute
&icirc;,&#238;,\00EE,U+00EE,Latin Small Letter I with Circumflex
&iuml;,&#239;,\00EF,U+00EF,Latin Small Letter I with Diaeresis
&eth;,&#240;,\00F0,U+00F0,Latin Small Letter Eth
&ntilde;,&#241;,\00F1,U+00F1,Latin Small Letter N with Tilde
&ograve;,&#242;,\00F2,U+00F2,Latin Small Letter O with Grave
&oacute;,&#243;,\00F3,U+00F3,Latin Small Letter O with Acute
&ocirc;,&#244;,\00F4,U+00F4,Latin Small Letter O with Circumflex
&otilde;,&#245;,\00F5,U+00F5,Latin Small Letter O with Tilde
&ouml;,&#246;,\00F6,U+00F6,Latin Small Letter O with Diaeresis
&oslash;,&#248;,\00F8,U+00F8,Latin Small Letter O with Stroke
&ugrave;,&#249;,\00F9,U+00F9,Latin Small Letter U with Grave
&uacute;,&#250;,\00FA,U+00FA,Latin Small Letter U with Acute
&ucirc;,&#251;,\00FB,U+00FB,Latin Small Letter U with Circumflex
&uuml;,&#252;,\00FC,U+00FC,U with two Dots
&yacute;,&#253;,\00FD,U+00FD,Latin Small Letter Y with Acute
&thorn;,&#254;,\00FE,U+00FE,Latin Small Letter Thorn
&yuml;,&#255;,\00FF,U+00FF,Latin Small Letter Y with Diaeresis
&Amacr;,&#256;,\0100,U+0100,Latin Capital Letter a with Macron
&amacr;,&#257;,\0101,U+0101,Latin Small Letter a with Macron
&Abreve;,&#258;,\0102,U+0102,Latin Capital Letter a with Breve
&abreve;,&#259;,\0103,U+0103,Latin Small Letter a with Breve
&Aogon;,&#260;,\0104,U+0104,Latin Capital Letter a with Ogonek
&aogon;,&#261;,\0105,U+0105,Latin Small Letter a with Ogonek
&Cacute;,&#262;,\0106,U+0106,Latin Capital Letter C with Acute
&cacute;,&#263;,\0107,U+0107,Latin Small Letter C with Acute
&Ccirc;,&#264;,\0108,U+0108,Latin Capital Letter C with Circumflex
&ccirc;,&#265;,\0109,U+0109,Latin Small Letter C with Circumflex
&Cdot;,&#266;,\010A,U+010A,Latin Capital Letter C with Dot Above
&cdot;,&#267;,\010B,U+010B,Latin Small Letter C with Dot Above
&Ccaron;,&#268;,\010C,U+010C,Latin Capital Letter C with Caron
&ccaron;,&#269;,\010D,U+010D,Latin Small Letter C with Caron
&Dcaron;,&#270;,\010E,U+010E,Latin Capital Letter D with Caron
&dcaron;,&#271;,\010F,U+010F,Latin Small Letter D with Caron
&Dstrok;,&#272;,\0110,U+0110,Latin Capital Letter D with Stroke
&dstrok;,&#273;,\0111,U+0111,Latin Small Letter D with Stroke
&Emacr;,&#274;,\0112,U+0112,Latin Capital Letter E with Macron
&emacr;,&#275;,\0113,U+0113,Latin Small Letter E with Macron
&Edot;,&#278;,\0116,U+0116,Latin Capital Letter E with Dot Above
&edot;,&#279;,\0117,U+0117,Latin Small Letter E with Dot Above
&Eogon;,&#280;,\0118,U+0118,Latin Capital Letter E with Ogonek
&eogon;,&#281;,\0119,U+0119,Latin Small Letter E with Ogonek
&Ecaron;,&#282;,\011A,U+011A,Latin Capital Letter E with Caron
&ecaron;,&#283;,\011B,U+011B,Latin Small Letter E with Caron
&Gcirc;,&#284;,\011C,U+011C,Latin Capital Letter G with Circumflex
&gcirc;,&#285;,\011D,U+011D,Latin Small Letter G with Circumflex
&Gbreve;,&#286;,\011E,U+011E,Latin Capital Letter G with Breve
&gbreve;,&#287;,\011F,U+011F,Latin Small Letter G with Breve
&Gdot;,&#288;,\0120,U+0120,Latin Capital Letter G with Dot Above
&gdot;,&#289;,\0121,U+0121,Latin Small Letter G with Dot Above
&Gcedil;,&#290;,\0122,U+0122,Latin Capital Letter G with Cedilla
&Hcirc;,&#292;,\0124,U+0124,Latin Capital Letter H with Circumflex
&hcirc;,&#293;,\0125,U+0125,Latin Small Letter H with Circumflex
&Hstrok;,&#294;,\0126,U+0126,Latin Capital Letter H with Stroke
&hstrok;,&#295;,\0127,U+0127,Latin Small Letter H with Stroke
&Itilde;,&#296;,\0128,U+0128,Latin Capital Letter I with Tilde
&itilde;,&#297;,\0129,U+0129,Latin Small Letter I with Tilde
&Imacr;,&#298;,\012A,U+012A,Latin Capital Letter I with Macron
&imacr;,&#299;,\012B,U+012B,Latin Small Letter I with Macron
&Iogon;,&#302;,\012E,U+012E,Latin Capital Letter I with Ogonek
&iogon;,&#303;,\012F,U+012F,Latin Small Letter I with Ogonek
&Idot;,&#304;,\0130,U+0130,Latin Capital Letter I with Dot Above
&imath;,&#305;,\0131,U+0131,Latin Small Letter Dotless I
&IJlig;,&#306;,\0132,U+0132,Latin Capital Ligature Ij
&ijlig;,&#307;,\0133,U+0133,Latin Small Ligature Ij
&Jcirc;,&#308;,\0134,U+0134,Latin Capital Letter J with Circumflex
&jcirc;,&#309;,\0135,U+0135,Latin Small Letter J with Circumflex
&Kcedil;,&#310;,\0136,U+0136,Latin Capital Letter K with Cedilla
&kcedil;,&#311;,\0137,U+0137,Latin Small Letter K with Cedilla
&kgreen;,&#312;,\0138,U+0138,Latin Small Letter Kra
&lacute;,&#314;,\013A,U+013A,Latin Small Letter L with Acute
&Lcedil;,&#315;,\013B,U+013B,Latin Capital Letter L with Cedilla
&lcedil;,&#316;,\013C,U+013C,Latin Small Letter L with Cedilla
&Lcaron;,&#317;,\013D,U+013D,Latin Capital Letter L with Caron
&lcaron;,&#318;,\013E,U+013E,Latin Small Letter L with Caron
&Lmidot;,&#319;,\013F,U+013F,Latin Capital Letter L with Middle Dot
&lmidot;,&#320;,\0140,U+0140,Latin Small Letter L with Middle Dot
&Lstrok;,&#321;,\0141,U+0141,Latin Capital Letter L with Stroke
&lstrok;,&#322;,\0142,U+0142,Latin Small Letter L with Stroke
&Nacute;,&#323;,\0143,U+0143,Latin Capital Letter N with Acute
&nacute;,&#324;,\0144,U+0144,Latin Small Letter N with Acute
&Ncedil;,&#325;,\0145,U+0145,Latin Capital Letter N with Cedilla
&ncedil;,&#326;,\0146,U+0146,Latin Small Letter N with Cedilla
&Ncaron;,&#327;,\0147,U+0147,Latin Capital Letter N with Caron
&ncaron;,&#328;,\0148,U+0148,Latin Small Letter N with Caron
&napos;,&#329;,\0149,U+0149,Latin Small Letter N Preceded By Apostrophe
&ENG;,&#330;,\014A,U+014A,Latin Capital Letter Eng
&eng;,&#331;,\014B,U+014B,Latin Small Letter Eng
&Omacr;,&#332;,\014C,U+014C,Latin Capital Letter O with Macron
&omacr;,&#333;,\014D,U+014D,Latin Small Letter O with Macron
&Odblac;,&#336;,\0150,U+0150,Latin Capital Letter O with Double Acute
&odblac;,&#337;,\0151,U+0151,Latin Small Letter O with Double Acute
&OElig;,&#338;,\0152,U+0152,Latin Capital Ligature Oe
&oelig;,&#339;,\0153,U+0153,Latin Small Ligature Oe
&Racute;,&#340;,\0154,U+0154,Latin Capital Letter R with Acute
&racute;,&#341;,\0155,U+0155,Latin Small Letter R with Acute
&Rcedil;,&#342;,\0156,U+0156,Latin Capital Letter R with Cedilla
&rcedil;,&#343;,\0157,U+0157,Latin Small Letter R with Cedilla
&Rcaron;,&#344;,\0158,U+0158,Latin Capital Letter R with Caron
&rcaron;,&#345;,\0159,U+0159,Latin Small Letter R with Caron
&Sacute;,&#346;,\015A,U+015A,Latin Capital Letter S with Acute
&sacute;,&#347;,\015B,U+015B,Latin Small Letter S with Acute
&Scirc;,&#348;,\015C,U+015C,Latin Capital Letter S with Circumflex
&scirc;,&#349;,\015D,U+015D,Latin Small Letter S with Circumflex
&Scedil;,&#350;,\015E,U+015E,Latin Capital Letter S with Cedilla
&scedil;,&#351;,\015F,U+015F,Latin Small Letter S with Cedilla
&Scaron;,&#352;,\0160,U+0160,Latin Capital Letter S with Caron
&scaron;,&#353;,\0161,U+0161,Latin Small Letter S with Caron
&Tcedil;,&#354;,\0162,U+0162,Latin Capital Letter T with Cedilla
&tcedil;,&#355;,\0163,U+0163,Latin Small Letter T with Cedilla
&Tcaron;,&#356;,\0164,U+0164,Latin Capital Letter T with Caron
&tcaron;,&#357;,\0165,U+0165,Latin Small Letter T with Caron
&Tstrok;,&#358;,\0166,U+0166,Latin Capital Letter T with Stroke
&tstrok;,&#359;,\0167,U+0167,Latin Small Letter T with Stroke
&Utilde;,&#360;,\0168,U+0168,Latin Capital Letter U with Tilde
&utilde;,&#361;,\0169,U+0169,Latin Small Letter U with Tilde
&Umacr;,&#362;,\016A,U+016A,Latin Capital Letter U with Macron
&umacr;,&#363;,\016B,U+016B,Latin Small Letter U with Macron
&Ubreve;,&#364;,\016C,U+016C,Latin Capital Letter U with Breve
&ubreve;,&#365;,\016D,U+016D,Latin Small Letter U with Breve
&Uring;,&#366;,\016E,U+016E,Latin Capital Letter U with Ring Above
&uring;,&#367;,\016F,U+016F,Latin Small Letter U with Ring Above
&Udblac;,&#368;,\0170,U+0170,Latin Capital Letter U with Double Acute
&udblac;,&#369;,\0171,U+0171,Latin Small Letter U with Double Acute
&Uogon;,&#370;,\0172,U+0172,Latin Capital Letter U with Ogonek
&uogon;,&#371;,\0173,U+0173,Latin Small Letter U with Ogonek
&Wcirc;,&#372;,\0174,U+0174,Latin Capital Letter W with Circumflex
&wcirc;,&#373;,\0175,U+0175,Latin Small Letter W with Circumflex
&Ycirc;,&#374;,\0176,U+0176,Latin Capital Letter Y with Circumflex
&ycirc;,&#375;,\0177,U+0177,Latin Small Letter Y with Circumflex
&Yuml;,&#376;,\0178,U+0178,Latin Capital Letter Y with Diaeresis
&Zacute;,&#377;,\0179,U+0179,Latin Capital Letter Z with Acute
&zacute;,&#378;,\017A,U+017A,Latin Small Letter Z with Acute
&Zdot;,&#379;,\017B,U+017B,Latin Capital Letter Z with Dot Above
&zdot;,&#380;,\017C,U+017C,Latin Small Letter Z with Dot Above
&Zcaron;,&#381;,\017D,U+017D,Latin Capital Letter Z with Caron
&zcaron;,&#382;,\017E,U+017E,Latin Small Letter Z with Caron
&DownBreve;,&#785;,\0311,U+0311,Combining Inverted Breve
&olarr;,&#8634;,\21BA,U+21BA,Anticlockwise Open Circle Arrow
&orarr;,&#8635;,\21BB,U+21BB,Clockwise Open Circle Arrow
&lharu;,&#8636;,\21BC,U+21BC,Leftwards Harpoon with Barb Upwards
&lhard;,&#8637;,\21BD,U+21BD,Leftwards Harpoon with Barb Downwards
&uharr;,&#8638;,\21BE,U+21BE,Upwards Harpoon with Barb Rightwards
&uharl;,&#8639;,\21BF,U+21BF,Upwards Harpoon with Barb Leftwards
&rharu;,&#8640;,\21C0,U+21C0,Rightwards Harpoon with Barb Upwards
&rhard;,&#8641;,\21C1,U+21C1,Rightwards Harpoon with Barb Downwards
&dharr;,&#8642;,\21C2,U+21C2,Downwards Harpoon with Barb Rightwards
&dharl;,&#8643;,\21C3,U+21C3,Downwards Harpoon with Barb Leftwards
&rlarr;,&#8644;,\21C4,U+21C4,Rightwards Arrow Over Leftwards Arrow
&udarr;,&#8645;,\21C5,U+21C5,Upwards Arrow Leftwards of Downwards Arrow
&lrarr;,&#8646;,\21C6,U+21C6,Leftwards Arrow Over Rightwards Arrow
&llarr;,&#8647;,\21C7,U+21C7,Leftwards Paired Arrows
&uuarr;,&#8648;,\21C8,U+21C8,Upwards Paired Arrows
&rrarr;,&#8649;,\21C9,U+21C9,Rightwards Paired Arrows
&ddarr;,&#8650;,\21CA,U+21CA,Downwards Paired Arrows
&lrhar;,&#8651;,\21CB,U+21CB,Leftwards Harpoon Over Rightwards Harpoon
&rlhar;,&#8652;,\21CC,U+21CC,Rightwards Harpoon Over Leftwards Harpoon
&nlArr;,&#8653;,\21CD,U+21CD,Leftwards Double Arrow with Stroke
&nhArr;,&#8654;,\21CE,U+21CE,Left Right Double Arrow with Stroke
&nrArr;,&#8655;,\21CF,U+21CF,Rightwards Double Arrow with Stroke
&lArr;,&#8656;,\21D0,U+21D0,Leftwards Double Arrow
&uArr;,&#8657;,\21D1,U+21D1,Upwards Double Arrow
&rArr;,&#8658;,\21D2,U+21D2,Rightwards Double Arrow
&dArr;,&#8659;,\21D3,U+21D3,Downwards Double Arrow
&hArr;,&#8660;,\21D4,U+21D4,Left Right Double Arrow
&vArr;,&#8661;,\21D5,U+21D5,Up Down Double Arrow
&nwArr;,&#8662;,\21D6,U+21D6,North West Double Arrow
&neArr;,&#8663;,\21D7,U+21D7,North East Double Arrow
&seArr;,&#8664;,\21D8,U+21D8,South East Double Arrow
&swArr;,&#8665;,\21D9,U+21D9,South West Double Arrow
&lAarr;,&#8666;,\21DA,U+21DA,Leftwards Triple Arrow
&rAarr;,&#8667;,\21DB,U+21DB,Rightwards Triple Arrow
&ziglarr;,&#8668;,\21DC,U+21DC,Leftwards Squiggle Arrow
&zigrarr;,&#8669;,\21DD,U+21DD,Rightwards Squiggle Arrow
&larrb;,&#8676;,\21E4,U+21E4,Leftwards Arrow To Bar
&rarrb;,&#8677;,\21E5,U+21E5,Rightwards Arrow To Bar
&duarr;,&#8693;,\21F5,U+21F5,Downwards Arrow Leftwards of Upwards Arrow
&hoarr;,&#8703;,\21FF,U+21FF,Left Right Open-Headed Arrow
&loarr;,&#8701;,\21FD,U+21FD,Leftwards Open-Headed Arrow
&roarr;,&#8702;,\21FE,U+21FE,Rightwards Open-Headed Arrow
&xlarr;,&#10229;,\27F5,U+27F5,Long Leftwards Arrow
&xrarr;,&#10230;,\27F6,U+27F6,Long Rightwards Arrow
&xharr;,&#10231;,\27F7,U+27F7,Long Left Right Arrow
&xlArr;,&#10232;,\27F8,U+27F8,Long Leftwards Double Arrow
&xrArr;,&#10233;,\27F9,U+27F9,Long Rightwards Double Arrow
&xhArr;,&#10234;,\27FA,U+27FA,Long Left Right Double Arrow
&dzigrarr;,&#10239;,\27FF,U+27FF,Long Rightwards Squiggle Arrow
&xmap;,&#10236;,\27FC,U+27FC,Long Rightwards Arrow from Bar
&nvlArr;,&#10498;,\2902,U+2902,Leftwards Double Arrow with Vertical Stroke
&nvrArr;,&#10499;,\2903,U+2903,Rightwards Double Arrow with Vertical Stroke
&nvHarr;,&#10500;,\2904,U+2904,Left Right Double Arrow with Vertical Stroke
&Map;,&#10501;,\2905,U+2905,Rightwards Two-Headed Arrow from Bar
&lbarr;,&#10508;,\290C,U+290C,Leftwards Double Dash Arrow
&rbarr;,&#10509;,\290D,U+290D,Rightwards Double Dash Arrow
&lBarr;,&#10510;,\290E,U+290E,Leftwards Triple Dash Arrow
&rBarr;,&#10511;,\290F,U+290F,Rightwards Triple Dash Arrow
&RBarr;,&#10512;,\2910,U+2910,Rightwards Two-Headed Triple Dash Arrow
&DDotrahd;,&#10513;,\2911,U+2911,Rightwards Arrow with Dotted Stem
&UpArrowBar;,&#10514;,\2912,U+2912,Upwards Arrow To Bar
&DownArrowBar;,&#10515;,\2913,U+2913,Downwards Arrow To Bar
&Rarrtl;,&#10518;,\2916,U+2916,Rightwards Two-Headed Arrow with Tail
&latail;,&#10521;,\2919,U+2919,Leftwards Arrow-Tail
&ratail;,&#10522;,\291A,U+291A,Rightwards Arrow-Tail
&lAtail;,&#10523;,\291B,U+291B,Leftwards Double Arrow-Tail
&rAtail;,&#10524;,\291C,U+291C,Rightwards Double Arrow-Tail
&larrfs;,&#10525;,\291D,U+291D,Leftwards Arrow To Black Diamond
&rarrfs;,&#10526;,\291E,U+291E,Rightwards Arrow To Black Diamond
&larrbfs;,&#10527;,\291F,U+291F,Leftwards Arrow from Bar To Black Diamond
&rarrbfs;,&#10528;,\2920,U+2920,Rightwards Arrow from Bar To Black Diamond
&nwarhk;,&#10531;,\2923,U+2923,North West Arrow with Hook
&nearhk;,&#10532;,\2924,U+2924,North East Arrow with Hook
&searhk;,&#10533;,\2925,U+2925,South East Arrow with Hook
&swarhk;,&#10534;,\2926,U+2926,South West Arrow with Hook
&nwnear;,&#10535;,\2927,U+2927,North West Arrow and North East Arrow
&nesear;,&#10536;,\2928,U+2928,North East Arrow and South East Arrow
&seswar;,&#10537;,\2929,U+2929,South East Arrow and South West Arrow
&swnwar;,&#10538;,\292A,U+292A,South West Arrow and North West Arrow
&cudarrr;,&#10549;,\2935,U+2935,Arrow Pointing Rightwards Then Curving Downwards
&ldca;,&#10550;,\2936,U+2936,Arrow Pointing Downwards Then Curving Leftwards
&rdca;,&#10551;,\2937,U+2937,Arrow Pointing Downwards Then Curving Rightwards
&cudarrl;,&#10552;,\2938,U+2938,Right-Side Arc Clockwise Arrow
&larrpl;,&#10553;,\2939,U+2939,Left-Side Arc Anticlockwise Arrow
&curarrm;,&#10556;,\293C,U+293C,Top Arc Clockwise Arrow with Minus
&cularrp;,&#10557;,\293D,U+293D,Top Arc Anticlockwise Arrow with Plus
&rarrpl;,&#10565;,\2945,U+2945,Rightwards Arrow with Plus Below
&harrcir;,&#10568;,\2948,U+2948,Left Right Arrow Through Small Circle
&Uarrocir;,&#10569;,\2949,U+2949,Upwards Two-Headed Arrow from Small Circle
&lurdshar;,&#10570;,\294A,U+294A,Left Barb Up Right Barb Down Harpoon
&ldrushar;,&#10571;,\294B,U+294B,Left Barb Down Right Barb Up Harpoon
&RightUpDownVector;,&#10575;,\294F,U+294F,Up Barb Right Down Barb Right Harpoon
&DownLeftRightVector;,&#10576;,\2950,U+2950,Left Barb Down Right Barb Down Harpoon
&LeftUpDownVector;,&#10577;,\2951,U+2951,Up Barb Left Down Barb Left Harpoon
&LeftVectorBar;,&#10578;,\2952,U+2952,Leftwards Harpoon with Barb Up To Bar
&RightVectorBar;,&#10579;,\2953,U+2953,Rightwards Harpoon with Barb Up To Bar
&RightUpVectorBar;,&#10580;,\2954,U+2954,Upwards Harpoon with Barb Right To Bar
&RightDownVectorBar;,&#10581;,\2955,U+2955,Downwards Harpoon with Barb Right To Bar
&DownLeftVectorBar;,&#10582;,\2956,U+2956,Leftwards Harpoon with Barb Down To Bar
&DownRightVectorBar;,&#10583;,\2957,U+2957,Rightwards Harpoon with Barb Down To Bar
&LeftUpVectorBar;,&#10584;,\2958,U+2958,Upwards Harpoon with Barb Left To Bar
&LeftDownVectorBar;,&#10585;,\2959,U+2959,Downwards Harpoon with Barb Left To Bar
&LeftTeeVector;,&#10586;,\295A,U+295A,Leftwards Harpoon with Barb Up from Bar
&RightTeeVector;,&#10587;,\295B,U+295B,Rightwards Harpoon with Barb Up from Bar
&RightUpTeeVector;,&#10588;,\295C,U+295C,Upwards Harpoon with Barb Right from Bar
&RightDownTeeVector;,&#10589;,\295D,U+295D,Downwards Harpoon with Barb Right from Bar
&DownLeftTeeVector;,&#10590;,\295E,U+295E,Leftwards Harpoon with Barb Down from Bar
&DownRightTeeVector;,&#10591;,\295F,U+295F,Rightwards Harpoon with Barb Down from Bar
&LeftUpTeeVector;,&#10592;,\2960,U+2960,Upwards Harpoon with Barb Left from Bar
&LeftDownTeeVector;,&#10593;,\2961,U+2961,Downwards Harpoon with Barb Left from Bar
&lHar;,&#10594;,\2962,U+2962,Leftwards Harpoon with Barb Up Above Leftwards Harpoon with Barb Down
&uHar;,&#10595;,\2963,U+2963,Upwards Harpoon with Barb Left Beside Upwards Harpoon with Barb Right
&rHar;,&#10596;,\2964,U+2964,Rightwards Harpoon with Barb Up Above Rightwards Harpoon with Barb Down
&dHar;,&#10597;,\2965,U+2965,Downwards Harpoon with Barb Left Beside Downwards Harpoon with Barb Right
&luruhar;,&#10598;,\2966,U+2966,Leftwards Harpoon with Barb Up Above Rightwards Harpoon with Barb Up
&ldrdhar;,&#10599;,\2967,U+2967,Leftwards Harpoon with Barb Down Above Rightwards Harpoon with Barb Down
&ruluhar;,&#10600;,\2968,U+2968,Rightwards Harpoon with Barb Up Above Leftwards Harpoon with Barb Up
&rdldhar;,&#10601;,\2969,U+2969,Rightwards Harpoon with Barb Down Above Leftwards Harpoon with Barb Down
&lharul;,&#10602;,\296A,U+296A,Leftwards Harpoon with Barb Up Above Long Dash
&llhard;,&#10603;,\296B,U+296B,Leftwards Harpoon with Barb Down Below Long Dash
&rharul;,&#10604;,\296C,U+296C,Rightwards Harpoon with Barb Up Above Long Dash
&lrhard;,&#10605;,\296D,U+296D,Rightwards Harpoon with Barb Down Below Long Dash
&udhar;,&#10606;,\296E,U+296E,Upwards Harpoon with Barb Left Beside Downwards Harpoon with Barb Right
&duhar;,&#10607;,\296F,U+296F,Downwards Harpoon with Barb Left Beside Upwards Harpoon with Barb Right
&RoundImplies;,&#10608;,\2970,U+2970,Right Double Arrow with Rounded Head
&erarr;,&#10609;,\2971,U+2971,Equals Sign Above Rightwards Arrow
&simrarr;,&#10610;,\2972,U+2972,Tilde Operator Above Rightwards Arrow
&larrsim;,&#10611;,\2973,U+2973,Leftwards Arrow Above Tilde Operator
&rarrsim;,&#10612;,\2974,U+2974,Rightwards Arrow Above Tilde Operator
&rarrap;,&#10613;,\2975,U+2975,Rightwards Arrow Above Almost Equal To
&ltlarr;,&#10614;,\2976,U+2976,Less-Than Above Leftwards Arrow
&gtrarr;,&#10616;,\2978,U+2978,Greater-Than Above Rightwards Arrow
&subrarr;,&#10617;,\2979,U+2979,Subset Above Rightwards Arrow
&suplarr;,&#10619;,\297B,U+297B,Superset Above Leftwards Arrow
&lfisht;,&#10620;,\297C,U+297C,Left Fish Tail
&rfisht;,&#10621;,\297D,U+297D,Right Fish Tail
&ufisht;,&#10622;,\297E,U+297E,Up Fish Tail
&dfisht;,&#10623;,\297F,U+297F,Down Fish Tail
